,Image Source,Image Name,Original Size (KB)
0,https://icms-image.slatic.net/images/ims-web/8ced8113-494e-47c2-9581-18beeccbc90a.png_760x760Q50s150.jpg,8ced8113-494e-47c2-9581-18beeccbc90a.png_760x760Q50s150.jpg,32.5166015625
1,https://icms-image.slatic.net/images/ims-web/8d3d6c9a-2dd4-477d-b630-421daa57248f.jpg,8d3d6c9a-2dd4-477d-b630-421daa57248f.jpg,120.767578125
2,https://icms-image.slatic.net/images/ims-web/70786f8f-fa9e-495c-95d6-eb1ccfba52ee.jpg,70786f8f-fa9e-495c-95d6-eb1ccfba52ee.jpg,145.0244140625
3,https://icms-image.slatic.net/images/ims-web/b2bb0577-3e51-4be9-b5fc-8d888e2e7fd1.jpg,b2bb0577-3e51-4be9-b5fc-8d888e2e7fd1.jpg,144.4755859375
4,https://icms-image.slatic.net/images/ims-web/8ced8113-494e-47c2-9581-18beeccbc90a.png_760x760Q50s150.jpg,8ced8113-494e-47c2-9581-18beeccbc90a.png_760x760Q50s150.jpg,32.5166015625
5,https://icms-image.slatic.net/images/ims-web/2c67dcd4-183f-4040-aa60-2469929448fa.png,2c67dcd4-183f-4040-aa60-2469929448fa.png,4.1240234375
6,https://icms-image.slatic.net/images/ims-web/290215c6-d6ab-4daf-98da-3e9dd0ea129c.png,290215c6-d6ab-4daf-98da-3e9dd0ea129c.png,5.6240234375
7,https://icms-image.slatic.net/images/ims-web/980b8667-b431-4189-a676-4b8788bf6e0d.png,980b8667-b431-4189-a676-4b8788bf6e0d.png,16.6142578125
8,https://icms-image.slatic.net/images/ims-web/a9cf17a2-c56e-42d2-af9d-83351fba4963.png,a9cf17a2-c56e-42d2-af9d-83351fba4963.png,3.7919921875
9,https://icms-image.slatic.net/images/ims-web/92c681f6-bbb5-4a93-bf04-abf6ce7b5a3b.png,92c681f6-bbb5-4a93-bf04-abf6ce7b5a3b.png,5.412109375
10,https://static-01.daraz.pk/p/c86baa54733ca4f302002e6986c340f2.jpg,c86baa54733ca4f302002e6986c340f2.jpg,120.4013671875
11,https://static-01.daraz.pk/p/00824d185d3f04112123f812e9f03565.jpg,00824d185d3f04112123f812e9f03565.jpg,118.3857421875
12,https://static-01.daraz.pk/p/e5664d2c3341980cd47c151f04ece7a4.jpg,e5664d2c3341980cd47c151f04ece7a4.jpg,35.1640625
13,https://static-01.daraz.pk/p/c561c31edab07aa5ebfe454da3af3e2d.jpg,c561c31edab07aa5ebfe454da3af3e2d.jpg,37.07421875
14,https://static-01.daraz.pk/p/013cfb8f7c932fd49d71a9209b16e0e8.jpg,013cfb8f7c932fd49d71a9209b16e0e8.jpg,313.3857421875
15,https://static-01.daraz.pk/p/4ab1dbbce5b7f24a8221fb611a11cbab.jpg,4ab1dbbce5b7f24a8221fb611a11cbab.jpg,96.98046875
16,https://static-01.daraz.pk/p/062f0cb51cb149c94e6023afb43c3dd2.jpg,062f0cb51cb149c94e6023afb43c3dd2.jpg,85.0
17,https://static-01.daraz.pk/original/d57b336435af8f69b3b8bf0d444834ab.jpg,d57b336435af8f69b3b8bf0d444834ab.jpg,54.3857421875
18,https://static-01.daraz.pk/p/9f7d7950ef7f5d3d48d0a636b13c80bc.jpg,9f7d7950ef7f5d3d48d0a636b13c80bc.jpg,67.671875
19,https://laz-img-cdn.alicdn.com/imgextra/i3/O1CN01x14AwP25akFxXBkDX_!!6000000007543-1-tps-200-200.gif,O1CN01x14AwP25akFxXBkDX_!!6000000007543-1-tps-200-200.gif,15.47265625
